Event,Dream Team URL,Match ID
IEM Katowice 2019,https://dreamteam.gg/csgo/analytics/match/5ca233b060aed2024a668693/scoreboard,82145
IEM Katowice 2019,https://dreamteam.gg/csgo/analytics/match/5c89261a56ab9e00774eb492/scoreboard,82143
IEM Katowice 2019,https://dreamteam.gg/csgo/analytics/match/5cab5fdc8da20e066d34d792/scoreboard,82123
IEM Katowice 2019,https://dreamteam.gg/csgo/analytics/match/5c812acca09b3b01057e9117/scoreboard,82121
IEM Katowice 2019,https://dreamteam.gg/csgo/analytics/match/5c887e2f50247d0762798b32/scoreboard,82120
IEM Katowice 2019,https://dreamteam.gg/csgo/analytics/match/5ca22dcfbcf70a024001c0c3/scoreboard,82119
IEM Katowice 2019,https://dreamteam.gg/csgo/analytics/match/5ca22e408da20e026a4f0fc3/scoreboard,82117
IEM Katowice 2019,https://dreamteam.gg/csgo/analytics/match/5ca23570d35cfb023c7b2d92/scoreboard,82095
IEM Katowice 2019,https://dreamteam.gg/csgo/analytics/match/5c7a93914bd41105690c4472/scoreboard,82091
IEM Katowice 2019,https://dreamteam.gg/csgo/analytics/match/5cab600bdbb10b066f55dfe2/scoreboard,82087
IEM Katowice 2019,https://dreamteam.gg/csgo/analytics/match/5ca257b260aed202884dcb62/scoreboard,82082
IEM Katowice 2019,https://dreamteam.gg/csgo/analytics/match/5c78bd9113771d03f809d692/scoreboard,82063
IEM Katowice 2019,https://dreamteam.gg/csgo/analytics/match/5c7a93c1ac1fca051d27f453/scoreboard,82058
IEM Katowice 2019,https://dreamteam.gg/csgo/analytics/match/5ca2589cbcf70a02726f6a24/scoreboard,82050
IEM Katowice 2019,https://dreamteam.gg/csgo/analytics/match/5c9813090314b40aec21a2d4/scoreboard,82045
IEM Katowice 2019,https://dreamteam.gg/csgo/analytics/match/5c75901372e92601bc59a4d3/scoreboard,81885
IEM Katowice 2019,https://dreamteam.gg/csgo/analytics/match/5ca259548da20e029221d282/scoreboard,81879
IEM Katowice 2019,https://dreamteam.gg/csgo/analytics/match/5ca2597260aed20279507b62/scoreboard,81873
IEM Katowice 2019,https://dreamteam.gg/csgo/analytics/match/5cab60c36bd0f9062e2d4245/scoreboard,81870
IEM Katowice 2019,https://dreamteam.gg/csgo/analytics/match/5cab60e36bd0f9065050ac53/scoreboard,81868
IEM Katowice 2019,https://dreamteam.gg/csgo/analytics/match/5ca25adc8da20e029221d283/scoreboard,81861
IEM Katowice 2019,https://dreamteam.gg/csgo/analytics/match/5ca25bb8bcf70a02726f6a26/scoreboard,81851
IEM Katowice 2019,https://dreamteam.gg/csgo/analytics/match/5ca25cfbd43602024526e6b2/scoreboard,81836
IEM Katowice 2019,https://dreamteam.gg/csgo/analytics/match/5ca25d1560aed202884dcb64/scoreboard,81834
IEM Katowice 2019,https://dreamteam.gg/csgo/analytics/match/5ca25d26d43602024526e6b3/scoreboard,81833
IEM Katowice 2019,https://dreamteam.gg/csgo/analytics/match/5ca25dcd60aed200434a88a5/scoreboard,81832
IEM Katowice 2019,https://dreamteam.gg/csgo/analytics/match/5ca25ddbc0f32a02571dd612/scoreboard,81831
IEM Katowice 2019,https://dreamteam.gg/csgo/analytics/match/5ca25df260aed20279507b63/scoreboard,81830
IEM Katowice 2019,https://dreamteam.gg/csgo/analytics/match/5ca25e54bcf70a02726f6a27/scoreboard,81828
IEM Katowice 2019,https://dreamteam.gg/csgo/analytics/match/5ca25e8160aed20279507b64/scoreboard,81807
IEM Katowice 2019,https://dreamteam.gg/csgo/analytics/match/5ca26000dbb10b02a15750d2/scoreboard,81804
IEM Katowice 2019,https://dreamteam.gg/csgo/analytics/match/5ca2600c8da20e026a4f0fc5/scoreboard,81801
IEM Katowice 2019,https://dreamteam.gg/csgo/analytics/match/5ca260136bd0f9026b37cb74/scoreboard,81796
IEM Katowice 2019,https://dreamteam.gg/csgo/analytics/match/5ca260cd27b8d8026d731022/scoreboard,81795
IEM Katowice 2019,https://dreamteam.gg/csgo/analytics/match/5ca260d3d35cfb023c7b2d94/scoreboard,81790
IEM Katowice 2019,https://dreamteam.gg/csgo/analytics/match/5ca260d960aed2029151cde2/scoreboard,81787
IEM Katowice 2019,https://dreamteam.gg/csgo/analytics/match/5ca262bbbcf70a02726f6a29/scoreboard,81765
IEM Katowice 2019,https://dreamteam.gg/csgo/analytics/match/5ca262c227b8d8026d731023/scoreboard,81761
IEM Katowice 2019,https://dreamteam.gg/csgo/analytics/match/5ca262c8bcf70a02726f6a2a/scoreboard,81753
IEM Katowice 2019,https://dreamteam.gg/csgo/analytics/match/5ca262cfd43602024526e6b4/scoreboard,81755
IEM Katowice 2019,https://dreamteam.gg/csgo/analytics/match/5ca262d6d35cfb023c7b2d95/scoreboard,81741
IEM Katowice 2019,https://dreamteam.gg/csgo/analytics/match/5ca265b9dbb10b02a15750d3/scoreboard,81737
IEM Katowice 2019,https://dreamteam.gg/csgo/analytics/match/5ca265bfd35cfb00412fe6d3/scoreboard,81734
IEM Katowice 2019,https://dreamteam.gg/csgo/analytics/match/5ca265c46bd0f9026b37cb75/scoreboard,81729
IEM Katowice 2019,https://dreamteam.gg/csgo/analytics/match/5ca265cac0f32a02571dd614/scoreboard,81727
IEM Katowice 2019,https://dreamteam.gg/csgo/analytics/match/5cac878f27b8d806ee6e6b22/scoreboard,81724
IEM Katowice 2019,https://dreamteam.gg/csgo/analytics/match/5c70249285edcb028f24eac3/scoreboard,81721
IEM Katowice 2019,https://dreamteam.gg/csgo/analytics/match/5ca2702ad35cfb023c7b2d99/scoreboard,81722
IEM Katowice 2019,https://dreamteam.gg/csgo/analytics/match/5c75539713967c01441e31e2/scoreboard,81720
IEM Katowice 2019,https://dreamteam.gg/csgo/analytics/match/5ca27051c0f32a02720a2202/scoreboard,81719
IEM Katowice 2019,https://dreamteam.gg/csgo/analytics/match/5ca2705cc0f32a02571dd615/scoreboard,81702
IEM Katowice 2019,https://dreamteam.gg/csgo/analytics/match/5ca270658da20e029b7f8b33/scoreboard,81695
IEM Katowice 2019,https://dreamteam.gg/csgo/analytics/match/5ca2706f3cb887022f757c94/scoreboard,81696
IEM Katowice 2019,https://dreamteam.gg/csgo/analytics/match/5ca2711027b8d802763700e2/scoreboard,81690
IEM Katowice 2019,https://dreamteam.gg/csgo/analytics/match/5ca2711827b8d8025f0b8a65/scoreboard,81685
IEM Katowice 2019,https://dreamteam.gg/csgo/analytics/match/5ca271203cb887022f757c95/scoreboard,81684
IEM Katowice 2019,https://dreamteam.gg/csgo/analytics/match/5ca27128c0f32a02571dd616/scoreboard,81680
IEM Katowice 2019,https://dreamteam.gg/csgo/analytics/match/5c839edc7a14cd0330652ba2/scoreboard,81679
IEM Katowice 2019,https://dreamteam.gg/csgo/analytics/match/5ca27151d43602027748b9e2/scoreboard,81671
IEM Katowice 2019,https://dreamteam.gg/csgo/analytics/match/5ca2721ed35cfb003e5df852/scoreboard,81670
IEM Katowice 2019,https://dreamteam.gg/csgo/analytics/match/5ca27226dbb10b02ab02a9b3/scoreboard,81669
IEM Katowice 2019,https://dreamteam.gg/csgo/analytics/match/5ca2722e3cb887022f757c96/scoreboard,81667
IEM Katowice 2019,https://dreamteam.gg/csgo/analytics/match/5ca2723b27b8d802763700e3/scoreboard,81665
IEM Katowice 2019,https://dreamteam.gg/csgo/analytics/match/5ca274956bd0f90267493b42/scoreboard,81663
IEM Katowice 2019,https://dreamteam.gg/csgo/analytics/match/5ca273cbdbb10b02ab02a9b4/scoreboard,81661
IEM Katowice 2019,https://dreamteam.gg/csgo/analytics/match/5ca273e23cb887022f757c97/scoreboard,81662
FACEIT London 2018,https://dreamteam.gg/csgo/analytics/match/5cac8ef6d43602068832b752/scoreboard,74129
FACEIT London 2018,https://dreamteam.gg/csgo/analytics/match/5ca273ecd43602024526e6b5/scoreboard,74128
FACEIT London 2018,https://dreamteam.gg/csgo/analytics/match/5ca273f3d35cfb026f6f35e2/scoreboard,74061
FACEIT London 2018,https://dreamteam.gg/csgo/analytics/match/5ca273fb60aed202884dcb67/scoreboard,74060
FACEIT London 2018,https://dreamteam.gg/csgo/analytics/match/5ca274bbbcf70a0040573a99/scoreboard,74059
FACEIT London 2018,https://dreamteam.gg/csgo/analytics/match/5ca274ca3cb887026622c9c3/scoreboard,74058
FACEIT London 2018,https://dreamteam.gg/csgo/analytics/match/5ca274d38da20e02aa25a612/scoreboard,74055
FACEIT London 2018,https://dreamteam.gg/csgo/analytics/match/5ca274db3cb887026622c9c4/scoreboard,74053
FACEIT London 2018,https://dreamteam.gg/csgo/analytics/match/5ca27568c0f32a02720a2203/scoreboard,74051
FACEIT London 2018,https://dreamteam.gg/csgo/analytics/match/5ca2760ebcf70a02726f6a2b/scoreboard,74049
FACEIT London 2018,https://dreamteam.gg/csgo/analytics/match/5ca276b0c0f32a02003d3124/scoreboard,74048
FACEIT London 2018,https://dreamteam.gg/csgo/analytics/match/5ca276c6d43602024526e6b6/scoreboard,74026
FACEIT London 2018,https://dreamteam.gg/csgo/analytics/match/5ca276cd6bd0f9028621dcd2/scoreboard,74021
FACEIT London 2018,https://dreamteam.gg/csgo/analytics/match/5ca276d860aed2029c7a1922/scoreboard,74019
FACEIT London 2018,https://dreamteam.gg/csgo/analytics/match/5ca276e2d43602027748b9e4/scoreboard,74002
FACEIT London 2018,https://dreamteam.gg/csgo/analytics/match/5ca2774f27b8d8025f0b8a66/scoreboard,73833
FACEIT London 2018,https://dreamteam.gg/csgo/analytics/match/5ca277946bd0f9026b37cb76/scoreboard,73828
FACEIT London 2018,https://dreamteam.gg/csgo/analytics/match/5ca2779cdbb10b02ab02a9b5/scoreboard,73816
FACEIT London 2018,https://dreamteam.gg/csgo/analytics/match/5cab6263d35cfb0457270bb8/scoreboard,73812
FACEIT London 2018,https://dreamteam.gg/csgo/analytics/match/5ca277cd3cb887026622c9c5/scoreboard,73811
FACEIT London 2018,https://dreamteam.gg/csgo/analytics/match/5cac934fc0f32a06b76f9a02/scoreboard,73807
FACEIT London 2018,https://dreamteam.gg/csgo/analytics/match/5ca27829d4360202850107d2/scoreboard,73803
FACEIT London 2018,https://dreamteam.gg/csgo/analytics/match/5ca2783027b8d8027e066e32/scoreboard,73800
FACEIT London 2018,https://dreamteam.gg/csgo/analytics/match/5ca2783727b8d8025f0b8a67/scoreboard,73786
FACEIT London 2018,https://dreamteam.gg/csgo/analytics/match/5cab62d0dbb10b066f55dfe3/scoreboard,73779
FACEIT London 2018,https://dreamteam.gg/csgo/analytics/match/5ca27939dbb10b0280568fa3/scoreboard,73778
FACEIT London 2018,https://dreamteam.gg/csgo/analytics/match/5ca279428da20e02aa25a613/scoreboard,73775
FACEIT London 2018,https://dreamteam.gg/csgo/analytics/match/5ca279496bd0f90267493b43/scoreboard,73771
FACEIT London 2018,https://dreamteam.gg/csgo/analytics/match/5ca27950d4360202850107d3/scoreboard,73767
FACEIT London 2018,https://dreamteam.gg/csgo/analytics/match/5cab6363c0f32a063a57c612/scoreboard,73743
FACEIT London 2018,https://dreamteam.gg/csgo/analytics/match/5ca27a0ad4360202850107d4/scoreboard,73739
FACEIT London 2018,https://dreamteam.gg/csgo/analytics/match/5ca27a116bd0f9026b37cb77/scoreboard,73738
FACEIT London 2018,https://dreamteam.gg/csgo/analytics/match/5ca27a1860aed2029c7a1924/scoreboard,73737
FACEIT London 2018,https://dreamteam.gg/csgo/analytics/match/5cac935fdbb10b065523d033/scoreboard,73736
FACEIT London 2018,https://dreamteam.gg/csgo/analytics/match/5ca27a703cb887026b5162c2/scoreboard,73734
FACEIT London 2018,https://dreamteam.gg/csgo/analytics/match/5ca27ac2dbb10b02ab02a9b6/scoreboard,73733
FACEIT London 2018,https://dreamteam.gg/csgo/analytics/match/5ca27b1fbcf70a02a26fe8a2/scoreboard,73732
FACEIT London 2018,https://dreamteam.gg/csgo/analytics/match/5ca27b6f60aed202a409f132/scoreboard,73729
FACEIT London 2018,https://dreamteam.gg/csgo/analytics/match/5ca27b763cb8870041615394/scoreboard,73726
FACEIT London 2018,https://dreamteam.gg/csgo/analytics/match/5ca27d50d35cfb0265660442/scoreboard,73725
FACEIT London 2018,https://dreamteam.gg/csgo/analytics/match/5ca27d5abcf70a02726f6a2c/scoreboard,73724
FACEIT London 2018,https://dreamteam.gg/csgo/analytics/match/5ca27d62bcf70a0040573a9a/scoreboard,73719
FACEIT London 2018,https://dreamteam.gg/csgo/analytics/match/5ca27e1c3cb887026622c9c6/scoreboard,73717
FACEIT London 2018,https://dreamteam.gg/csgo/analytics/match/5ca27e25d4360202850107d5/scoreboard,73713
FACEIT London 2018,https://dreamteam.gg/csgo/analytics/match/5cab63a3dbb10b068535f522/scoreboard,73711
FACEIT London 2018,https://dreamteam.gg/csgo/analytics/match/5ca27f338da20e02bb0de502/scoreboard,73703
FACEIT London 2018,https://dreamteam.gg/csgo/analytics/match/5ca27f3b6bd0f9026b37cb78/scoreboard,73698
FACEIT London 2018,https://dreamteam.gg/csgo/analytics/match/5ca27f4560aed2029c7a1925/scoreboard,73695
FACEIT London 2018,https://dreamteam.gg/csgo/analytics/match/5ca27fa3d43602004049acc4/scoreboard,73694
FACEIT London 2018,https://dreamteam.gg/csgo/analytics/match/5ca28018c0f32a02720a2204/scoreboard,73691
FACEIT London 2018,https://dreamteam.gg/csgo/analytics/match/5ca28020bcf70a02726f6a2d/scoreboard,73690
FACEIT London 2018,https://dreamteam.gg/csgo/analytics/match/5ca280566bd0f9026b37cb79/scoreboard,73689
FACEIT London 2018,https://dreamteam.gg/csgo/analytics/match/5ca280748da20e029b7f8b34/scoreboard,73683
ELEAGUE Boston 2018,,60219
ELEAGUE Boston 2018,https://dreamteam.gg/csgo/analytics/match/5ca2808bc0f32a02720a2205/scoreboard,60218
ELEAGUE Boston 2018,https://dreamteam.gg/csgo/analytics/match/5ca280b0d35cfb026f6f35e3/scoreboard,60217
ELEAGUE Boston 2018,https://dreamteam.gg/csgo/analytics/match/5ca280b8c0f32a02720a2206/scoreboard,60198
ELEAGUE Boston 2018,https://dreamteam.gg/csgo/analytics/match/5ca280e0bcf70a02a26fe8a3/scoreboard,60197
ELEAGUE Boston 2018,https://dreamteam.gg/csgo/analytics/match/5cab648a60aed2068240b6e2/scoreboard,60196
ELEAGUE Boston 2018,https://dreamteam.gg/csgo/analytics/match/5cab65138da20e067a228262/scoreboard,60195
ELEAGUE Boston 2018,https://dreamteam.gg/csgo/analytics/match/5ca281be3cb887026622c9c7/scoreboard,60194
ELEAGUE Boston 2018,https://dreamteam.gg/csgo/analytics/match/5ca281c86bd0f9028621dcd3/scoreboard,60189
ELEAGUE Boston 2018,https://dreamteam.gg/csgo/analytics/match/5ca281d0dbb10b02bb08a762/scoreboard,60188
ELEAGUE Boston 2018,https://dreamteam.gg/csgo/analytics/match/5cab660260aed206792dbda2/scoreboard,60183
ELEAGUE Boston 2018,https://dreamteam.gg/csgo/analytics/match/5ca281e08da20e02bb0de503/scoreboard,60174
ELEAGUE Boston 2018,https://dreamteam.gg/csgo/analytics/match/5ca283cb60aed2029c7a1926/scoreboard,60173
ELEAGUE Boston 2018,https://dreamteam.gg/csgo/analytics/match/5ca283d1bcf70a02ac3680e2/scoreboard,60172
ELEAGUE Boston 2018,https://dreamteam.gg/csgo/analytics/match/5ca283dad35cfb027c67c463/scoreboard,60171
ELEAGUE Boston 2018,https://dreamteam.gg/csgo/analytics/match/5ca283e68da20e029b7f8b35/scoreboard,60170
ELEAGUE Boston 2018,https://dreamteam.gg/csgo/analytics/match/5cab6629dbb10b068535f523/scoreboard,60167
ELEAGUE Boston 2018,https://dreamteam.gg/csgo/analytics/match/5ca286a7c0f32a02720a2207/scoreboard,60032
ELEAGUE Boston 2018,https://dreamteam.gg/csgo/analytics/match/5ca286b48da20e029b7f8b36/scoreboard,60031
ELEAGUE Boston 2018,https://dreamteam.gg/csgo/analytics/match/5cab674ec0f32a063a57c614/scoreboard,60026
ELEAGUE Boston 2018,https://dreamteam.gg/csgo/analytics/match/5ca286ca3cb88702752c9e73/scoreboard,60025
ELEAGUE Boston 2018,https://dreamteam.gg/csgo/analytics/match/5ca286d73cb887026622c9c8/scoreboard,60023
ELEAGUE Boston 2018,https://dreamteam.gg/csgo/analytics/match/5ca2870027b8d8027e066e33/scoreboard,60021
ELEAGUE Boston 2018,https://dreamteam.gg/csgo/analytics/match/5ca2875e3cb88702752c9e74/scoreboard,60017
ELEAGUE Boston 2018,https://dreamteam.gg/csgo/analytics/match/5ca287a68da20e029b7f8b37/scoreboard,60016
ELEAGUE Boston 2018,https://dreamteam.gg/csgo/analytics/match/5ca287b027b8d8028b0aac22/scoreboard,60015
ELEAGUE Boston 2018,https://dreamteam.gg/csgo/analytics/match/5ca287bf27b8d8028b0aac23/scoreboard,60003
ELEAGUE Boston 2018,https://dreamteam.gg/csgo/analytics/match/5ca287e08da20e02cb48de42/scoreboard,60001
ELEAGUE Boston 2018,https://dreamteam.gg/csgo/analytics/match/5cac998cbcf70a0750578a72/scoreboard,60000
ELEAGUE Boston 2018,https://dreamteam.gg/csgo/analytics/match/5ca2888b8da20e02cb48de43/scoreboard,59999
ELEAGUE Boston 2018,https://dreamteam.gg/csgo/analytics/match/5ca2889460aed202b1090f52/scoreboard,59997
ELEAGUE Boston 2018,https://dreamteam.gg/csgo/analytics/match/5ca2889d60aed202b1090f53/scoreboard,59993
ELEAGUE Boston 2018,https://dreamteam.gg/csgo/analytics/match/5ca288a627b8d8028b0aac24/scoreboard,59985
ELEAGUE Boston 2018,https://dreamteam.gg/csgo/analytics/match/5ca288b06bd0f9029735da02/scoreboard,59977
ELEAGUE Boston 2018,https://dreamteam.gg/csgo/analytics/match/5ca2895c60aed202b1090f55/scoreboard,59970
ELEAGUE Boston 2018,https://dreamteam.gg/csgo/analytics/match/5ca28968d35cfb027c67c465/scoreboard,59969
ELEAGUE Boston 2018,https://dreamteam.gg/csgo/analytics/match/5ca28972bcf70a02a26fe8a4/scoreboard,59968
ELEAGUE Boston 2018,https://dreamteam.gg/csgo/analytics/match/5ca2897c8da20e02cd0fb4a2/scoreboard,59967
ELEAGUE Boston 2018,https://dreamteam.gg/csgo/analytics/match/5ca289876bd0f9029a6a5df2/scoreboard,59966
ELEAGUE Boston 2018,https://dreamteam.gg/csgo/analytics/match/5ca289ec60aed2029c7a1927/scoreboard,59965
ELEAGUE Boston 2018,https://dreamteam.gg/csgo/analytics/match/5ca28a19dbb10b02bb08a764/scoreboard,59964
ELEAGUE Boston 2018,https://dreamteam.gg/csgo/analytics/match/5ca28a4727b8d8027e066e34/scoreboard,59958
ELEAGUE Boston 2018,https://dreamteam.gg/csgo/analytics/match/5ca28a4f8da20e02cd0fb4a3/scoreboard,59936
ELEAGUE Boston 2018,https://dreamteam.gg/csgo/analytics/match/5ca28a58bcf70a02ac3680e3/scoreboard,59935
ELEAGUE Boston 2018,https://dreamteam.gg/csgo/analytics/match/5ca28a7a6bd0f9029a6a5df3/scoreboard,59934
ELEAGUE Boston 2018,https://dreamteam.gg/csgo/analytics/match/5ca28b2cd4360202850107d6/scoreboard,59932
ELEAGUE Boston 2018,https://dreamteam.gg/csgo/analytics/match/5ca28b34dbb10b02aa148d14/scoreboard,59929
ELEAGUE Boston 2018,https://dreamteam.gg/csgo/analytics/match/5ca28b3fbcf70a02ac3680e4/scoreboard,59927
ELEAGUE Boston 2018,https://dreamteam.gg/csgo/analytics/match/5ca28b48d4360202850107d7/scoreboard,59926
ELEAGUE Boston 2018,https://dreamteam.gg/csgo/analytics/match/5ca28b516bd0f9029a6a5df4/scoreboard,59930
PGL Krakow 2017,https://dreamteam.gg/csgo/analytics/match/5c6d724f85edcb0042319212/scoreboard,49967
PGL Krakow 2017,https://dreamteam.gg/csgo/analytics/match/5ca28c74dbb10b0280568fa4/scoreboard,49966
PGL Krakow 2017,https://dreamteam.gg/csgo/analytics/match/5ca28c8527b8d8029408b7d2/scoreboard,49962
PGL Krakow 2017,https://dreamteam.gg/csgo/analytics/match/5ca28c8fd35cfb027c67c466/scoreboard,49956
PGL Krakow 2017,https://dreamteam.gg/csgo/analytics/match/5ca28c9860aed202bd5eec72/scoreboard,49955
PGL Krakow 2017,https://dreamteam.gg/csgo/analytics/match/5c8fdb1b39746c05db3a6bbb/scoreboard,49954
PGL Krakow 2017,https://dreamteam.gg/csgo/analytics/match/5ca28cb2d4360202850107d8/scoreboard,49953
PGL Krakow 2017,https://dreamteam.gg/csgo/analytics/match/5ca28d70c0f32a02720a2208/scoreboard,49952
PGL Krakow 2017,https://dreamteam.gg/csgo/analytics/match/5ca28d7ad35cfb027c67c467/scoreboard,49951
PGL Krakow 2017,https://dreamteam.gg/csgo/analytics/match/5ca28d843cb887026622c9c9/scoreboard,49950
PGL Krakow 2017,https://dreamteam.gg/csgo/analytics/match/5ca28d8e6bd0f90267493b44/scoreboard,49889
PGL Krakow 2017,https://dreamteam.gg/csgo/analytics/match/5ca28d99d4360202850107d9/scoreboard,49887
PGL Krakow 2017,https://dreamteam.gg/csgo/analytics/match/5ca28e2a8da20e02cd0fb4a4/scoreboard,49881
PGL Krakow 2017,https://dreamteam.gg/csgo/analytics/match/5ca28e348da20e02cb48de44/scoreboard,49878
PGL Krakow 2017,https://dreamteam.gg/csgo/analytics/match/5ca28e3e3cb8870041615395/scoreboard,49875
PGL Krakow 2017,https://dreamteam.gg/csgo/analytics/match/5ca28e6edbb10b0280568fa5/scoreboard,49874
PGL Krakow 2017,https://dreamteam.gg/csgo/analytics/match/5ca28e788da20e02cb48de45/scoreboard,49873
PGL Krakow 2017,https://dreamteam.gg/csgo/analytics/match/5ca28f8dd4360202850107da/scoreboard,49814
PGL Krakow 2017,https://dreamteam.gg/csgo/analytics/match/5ca28f9627b8d8029612c412/scoreboard,49812
PGL Krakow 2017,https://dreamteam.gg/csgo/analytics/match/5ca28f9fdbb10b02aa148d15/scoreboard,49809
PGL Krakow 2017,https://dreamteam.gg/csgo/analytics/match/5ca28fa9d4360202850107db/scoreboard,49803
PGL Krakow 2017,https://dreamteam.gg/csgo/analytics/match/5ca28fb3c0f32a02720a2209/scoreboard,49798
PGL Krakow 2017,https://dreamteam.gg/csgo/analytics/match/5ca29068bcf70a02a26fe8a5/scoreboard,49797
PGL Krakow 2017,https://dreamteam.gg/csgo/analytics/match/5ca29071bcf70a02a26fe8a6/scoreboard,49792
PGL Krakow 2017,https://dreamteam.gg/csgo/analytics/match/5ca2907ac0f32a02943e1d92/scoreboard,49786
PGL Krakow 2017,https://dreamteam.gg/csgo/analytics/match/5ca2908560aed2029c7a1928/scoreboard,49781
PGL Krakow 2017,https://dreamteam.gg/csgo/analytics/match/5ca2908edbb10b02c645bac2/scoreboard,49772
PGL Krakow 2017,https://dreamteam.gg/csgo/analytics/match/5cab679cbcf70a06d0144732/scoreboard,49769
PGL Krakow 2017,,49766
PGL Krakow 2017,https://dreamteam.gg/csgo/analytics/match/5cab68928da20e065d097ad3/scoreboard,49759
PGL Krakow 2017,https://dreamteam.gg/csgo/analytics/match/5cab696127b8d8068413d763/scoreboard,49758
PGL Krakow 2017,https://dreamteam.gg/csgo/analytics/match/5cab698a27b8d8068546f0e2/scoreboard,49755
PGL Krakow 2017,https://dreamteam.gg/csgo/analytics/match/5cab6a38d35cfb05e222d364/scoreboard,49749
PGL Krakow 2017,https://dreamteam.gg/csgo/analytics/match/5cab6a6cd35cfb05e222d365/scoreboard,49735
PGL Krakow 2017,https://dreamteam.gg/csgo/analytics/match/5cab6afb60aed206792dbda3/scoreboard,49728
PGL Krakow 2017,https://dreamteam.gg/csgo/analytics/match/5caa3c2dd35cfb058870f0f8/scoreboard,49724
PGL Krakow 2017,https://dreamteam.gg/csgo/analytics/match/5caa3b0d8da20e06010dd5e6/scoreboard,49718
PGL Krakow 2017,https://dreamteam.gg/csgo/analytics/match/5caa3b09d35cfb058870f0f7/scoreboard,49710
PGL Krakow 2017,https://dreamteam.gg/csgo/analytics/match/5caa3b04bcf70a065e59f615/scoreboard,49707
PGL Krakow 2017,https://dreamteam.gg/csgo/analytics/match/5caa3b00bcf70a061d78d464/scoreboard,49706
PGL Krakow 2017,https://dreamteam.gg/csgo/analytics/match/5caa3a32c0f32a05bc5a2ab5/scoreboard,49701
PGL Krakow 2017,https://dreamteam.gg/csgo/analytics/match/5ca3aadc27b8d802ec2e9012/scoreboard,49697
PGL Krakow 2017,https://dreamteam.gg/csgo/analytics/match/5cab6ba2dbb10b06937ad872/scoreboard,49684
PGL Krakow 2017,https://dreamteam.gg/csgo/analytics/match/5ca3ab046bd0f902d4198e34/scoreboard,49678
PGL Krakow 2017,https://dreamteam.gg/csgo/analytics/match/5ca3ab09c0f32a02e9131036/scoreboard,49675
PGL Krakow 2017,https://dreamteam.gg/csgo/analytics/match/5ca3ab10bcf70a03446a41a2/scoreboard,49671
PGL Krakow 2017,https://dreamteam.gg/csgo/analytics/match/5ca3abc0bcf70a030040f95a/scoreboard,49670
PGL Krakow 2017,https://dreamteam.gg/csgo/analytics/match/5ca3abc5c0f32a02e9131037/scoreboard,49667
PGL Krakow 2017,https://dreamteam.gg/csgo/analytics/match/5ca3abc927b8d8031207eda2/scoreboard,49665
PGL Krakow 2017,https://dreamteam.gg/csgo/analytics/match/5ca3abce8da20e0346188322/scoreboard,49658
ELEAGUE League 2017,https://dreamteam.gg/csgo/analytics/match/5ca3abd3c0f32a02fe2a4cf2/scoreboard,41025
ELEAGUE League 2017,https://dreamteam.gg/csgo/analytics/match/5ca3ac83dbb10b033c417862/scoreboard,41023
ELEAGUE League 2017,https://dreamteam.gg/csgo/analytics/match/5ca3ac8e3cb88702ef71af12/scoreboard,41021
ELEAGUE League 2017,https://dreamteam.gg/csgo/analytics/match/5ca3ac9cd35cfb02d21fbd76/scoreboard,41014
ELEAGUE League 2017,https://dreamteam.gg/csgo/analytics/match/5ca3aca36bd0f902d4198e36/scoreboard,41012
ELEAGUE League 2017,https://dreamteam.gg/csgo/analytics/match/5ca3acad8da20e03475b5402/scoreboard,41011
ELEAGUE League 2017,https://dreamteam.gg/csgo/analytics/match/5ca3ad2bc0f32a02e9131038/scoreboard,41009
ELEAGUE League 2017,https://dreamteam.gg/csgo/analytics/match/5ca3ad31bcf70a03446a41a3/scoreboard,41007
ELEAGUE League 2017,https://dreamteam.gg/csgo/analytics/match/5ca3ad36bcf70a030040f95b/scoreboard,41004
ELEAGUE League 2017,https://dreamteam.gg/csgo/analytics/match/5ca3ad43c0f32a02e9131039/scoreboard,41000
ELEAGUE League 2017,https://dreamteam.gg/csgo/analytics/match/5ca3ad49d35cfb00412fe6d4/scoreboard,40993
ELEAGUE League 2017,https://dreamteam.gg/csgo/analytics/match/5ca3adb26bd0f903083c1de2/scoreboard,40992
ELEAGUE League 2017,https://dreamteam.gg/csgo/analytics/match/5ca3adb8d35cfb02e90ec292/scoreboard,40991
ELEAGUE League 2017,https://dreamteam.gg/csgo/analytics/match/5ca3adbd60aed203272cd982/scoreboard,40988
ELEAGUE League 2017,https://dreamteam.gg/csgo/analytics/match/5ca3adc28da20e03475b5403/scoreboard,40987
ELEAGUE League 2017,https://dreamteam.gg/csgo/analytics/match/5ca3adc86bd0f903083c1de3/scoreboard,40984
ELEAGUE League 2017,https://dreamteam.gg/csgo/analytics/match/5ca3ae1d27b8d802ec2e9013/scoreboard,40980
ELEAGUE League 2017,https://dreamteam.gg/csgo/analytics/match/5ca3ae2227b8d802ec2e9014/scoreboard,40977
ELEAGUE League 2017,https://dreamteam.gg/csgo/analytics/match/5ca3ae28d35cfb02d21fbd77/scoreboard,40976
ELEAGUE League 2017,https://dreamteam.gg/csgo/analytics/match/5ca3ae2ddbb10b033c417863/scoreboard,40967
ELEAGUE League 2017,https://dreamteam.gg/csgo/analytics/match/5ca3ae338da20e0346188323/scoreboard,40965
ELEAGUE League 2017,https://dreamteam.gg/csgo/analytics/match/5ca3ae7edbb10b03373024e2/scoreboard,40963
ELEAGUE League 2017,https://dreamteam.gg/csgo/analytics/match/5ca3ae8dbcf70a0040573a9b/scoreboard,40962
ELEAGUE League 2017,https://dreamteam.gg/csgo/analytics/match/5ca3ae9227b8d802ec2e9015/scoreboard,40956
ELEAGUE League 2017,https://dreamteam.gg/csgo/analytics/match/5ca3ae973cb88702f7483d72/scoreboard,40953
ELEAGUE League 2017,https://dreamteam.gg/csgo/analytics/match/5ca3ae9cd4360203091b08d3/scoreboard,40952
ELEAGUE League 2017,https://dreamteam.gg/csgo/analytics/match/5ca3aeff60aed20307731853/scoreboard,40951
ELEAGUE League 2017,https://dreamteam.gg/csgo/analytics/match/5ca3af056bd0f902d4198e37/scoreboard,40946
ELEAGUE League 2017,https://dreamteam.gg/csgo/analytics/match/5ca3af0a8da20e0346188324/scoreboard,40944
ELEAGUE League 2017,https://dreamteam.gg/csgo/analytics/match/5ca3af10d4360203091b08d4/scoreboard,40941
ELEAGUE League 2017,https://dreamteam.gg/csgo/analytics/match/5ca3af15dbb10b033c417864/scoreboard,40940
ELEAGUE League 2017,https://dreamteam.gg/csgo/analytics/match/5ca3af8a27b8d8031207eda4/scoreboard,40937
ELEAGUE League 2017,https://dreamteam.gg/csgo/analytics/match/5ca3af91c0f32a02e913103a/scoreboard,40935
ELEAGUE League 2017,https://dreamteam.gg/csgo/analytics/match/5ca3af97d4360203091b08d5/scoreboard,40931
ELEAGUE League 2017,https://dreamteam.gg/csgo/analytics/match/5ca3af9ebcf70a0040573a9c/scoreboard,40928
ELEAGUE League 2017,https://dreamteam.gg/csgo/analytics/match/5ca3afa3c0f32a02e913103b/scoreboard,40925
ELEAGUE League 2017,https://dreamteam.gg/csgo/analytics/match/5ca3affe3cb88702fb63e252/scoreboard,40921
ELEAGUE League 2017,https://dreamteam.gg/csgo/analytics/match/5ca3b00560aed203272cd983/scoreboard,40920
ELEAGUE League 2017,https://dreamteam.gg/csgo/analytics/match/5ca3b00bd43602030b722cd2/scoreboard,40919
ELEAGUE League 2017,https://dreamteam.gg/csgo/analytics/match/5ca3b01e6bd0f902d4198e38/scoreboard,40918
ELEAGUE League 2017,https://dreamteam.gg/csgo/analytics/match/5ca3b034dbb10b003e144942/scoreboard,40917
ELEAGUE League 2017,https://dreamteam.gg/csgo/analytics/match/5caca86dd35cfb06873c7f62/scoreboard,40913
ELEAGUE League 2017,https://dreamteam.gg/csgo/analytics/match/5caca6bfc0f32a06b76f9a04/scoreboard,40912
ELEAGUE League 2017,https://dreamteam.gg/csgo/analytics/match/5ca3b09ddbb10b033c417865/scoreboard,40911
ELEAGUE League 2017,https://dreamteam.gg/csgo/analytics/match/5ca3b0a2d4360203091b08d6/scoreboard,40902
ELEAGUE League 2017,https://dreamteam.gg/csgo/analytics/match/5ca3b0a7bcf70a03504b2542/scoreboard,40901
ELEAGUE League 2017,https://dreamteam.gg/csgo/analytics/match/5ca3b0aed35cfb02e90ec293/scoreboard,40896
ELEAGUE League 2017,https://dreamteam.gg/csgo/analytics/match/5ca3b0b3bcf70a030040f95c/scoreboard,40891
ELEAGUE League 2017,https://dreamteam.gg/csgo/analytics/match/5ca3b125d4360203091b08d7/scoreboard,40888
ELEAGUE League 2017,https://dreamteam.gg/csgo/analytics/match/5ca3b12a8da20e03475b5404/scoreboard,40887
ELEAGUE League 2017,https://dreamteam.gg/csgo/analytics/match/5ca3b13027b8d8031207eda5/scoreboard,40886
ELEAGUE League 2017,https://dreamteam.gg/csgo/analytics/match/5ca3b135d35cfb02e90ec294/scoreboard,40885
ESL ONE Cologne 2016,https://dreamteam.gg/csgo/analytics/match/5ca3b13b8da20e0346188325/scoreboard,32417
ESL ONE Cologne 2016,https://dreamteam.gg/csgo/analytics/match/5ca3b1796bd0f902d4198e39/scoreboard,32415
ESL ONE Cologne 2016,https://dreamteam.gg/csgo/analytics/match/5ca3b17ed4360203091b08d8/scoreboard,32394
ESL ONE Cologne 2016,https://dreamteam.gg/csgo/analytics/match/5ca3b183d35cfb02d21fbd78/scoreboard,32393
ESL ONE Cologne 2016,https://dreamteam.gg/csgo/analytics/match/5ca3b18a3cb88702f7483d73/scoreboard,32388
ESL ONE Cologne 2016,https://dreamteam.gg/csgo/analytics/match/5ca3b18fbcf70a030040f95d/scoreboard,32379
ESL ONE Cologne 2016,https://dreamteam.gg/csgo/analytics/match/5ca3b1d13cb88702f7483d74/scoreboard,32370
ESL ONE Cologne 2016,https://dreamteam.gg/csgo/analytics/match/5ca3b1d6d35cfb02e90ec295/scoreboard,32358
ESL ONE Cologne 2016,https://dreamteam.gg/csgo/analytics/match/5ca3b1dedbb10b0280568fa7/scoreboard,32357
ESL ONE Cologne 2016,https://dreamteam.gg/csgo/analytics/match/5ca3b1e48da20e03475b5405/scoreboard,32356
ESL ONE Cologne 2016,https://dreamteam.gg/csgo/analytics/match/5ca3b1ea6bd0f902d4198e3a/scoreboard,32355
ESL ONE Cologne 2016,https://dreamteam.gg/csgo/analytics/match/5ca3b259d4360203091b08d9/scoreboard,32354
ESL ONE Cologne 2016,https://dreamteam.gg/csgo/analytics/match/5ca3b25edbb10b0280568fa8/scoreboard,32352
ESL ONE Cologne 2016,https://dreamteam.gg/csgo/analytics/match/5ca3b26427b8d802ec2e9016/scoreboard,32351
ESL ONE Cologne 2016,https://dreamteam.gg/csgo/analytics/match/5ca3b269bcf70a03504b2543/scoreboard,32349
ESL ONE Cologne 2016,https://dreamteam.gg/csgo/analytics/match/5ca3b26fc0f32a02fe2a4cf3/scoreboard,32347
ESL ONE Cologne 2016,https://dreamteam.gg/csgo/analytics/match/5ca3b2e4c0f32a02e913103c/scoreboard,32346
ESL ONE Cologne 2016,https://dreamteam.gg/csgo/analytics/match/5ca3b2e96bd0f902d4198e3b/scoreboard,32345
ESL ONE Cologne 2016,https://dreamteam.gg/csgo/analytics/match/5ca3b2f03cb88702fb63e253/scoreboard,32344
ESL ONE Cologne 2016,https://dreamteam.gg/csgo/analytics/match/5ca3b2f5d43602030b722cd3/scoreboard,32342
ESL ONE Cologne 2016,https://dreamteam.gg/csgo/analytics/match/5ca3b2fbdbb10b033c417866/scoreboard,32338
ESL ONE Cologne 2016,https://dreamteam.gg/csgo/analytics/match/5ca3b354bcf70a03504b2544/scoreboard,32337
ESL ONE Cologne 2016,https://dreamteam.gg/csgo/analytics/match/5ca3b359d35cfb02d21fbd79/scoreboard,32336
ESL ONE Cologne 2016,https://dreamteam.gg/csgo/analytics/match/5ca3b35fd35cfb02e90ec296/scoreboard,32335
ESL ONE Cologne 2016,https://dreamteam.gg/csgo/analytics/match/5ca3b36627b8d802ec2e9017/scoreboard,32334
ESL ONE Cologne 2016,https://dreamteam.gg/csgo/analytics/match/5ca3b36c6bd0f903122364d2/scoreboard,32332
ESL ONE Cologne 2016,https://dreamteam.gg/csgo/analytics/match/5ca3b3badbb10b033c417867/scoreboard,32327
ESL ONE Cologne 2016,https://dreamteam.gg/csgo/analytics/match/5ca3b3bf27b8d803206bb412/scoreboard,32326
ESL ONE Cologne 2016,https://dreamteam.gg/csgo/analytics/match/5ca3b3c5d43602004049acc5/scoreboard,32323
ESL ONE Cologne 2016,https://dreamteam.gg/csgo/analytics/match/5ca3b3cb3cb88702fb63e254/scoreboard,32322
ESL ONE Cologne 2016,https://dreamteam.gg/csgo/analytics/match/5ca3b3d027b8d803206bb413/scoreboard,32321
ESL ONE Cologne 2016,https://dreamteam.gg/csgo/analytics/match/5ca3b420d35cfb02d21fbd7a/scoreboard,32320
ESL ONE Cologne 2016,https://dreamteam.gg/csgo/analytics/match/5ca3b4253cb88702f7483d75/scoreboard,32319
ESL ONE Cologne 2016,https://dreamteam.gg/csgo/analytics/match/5ca3b4306bd0f903193ae382/scoreboard,32318
ESL ONE Cologne 2016,https://dreamteam.gg/csgo/analytics/match/5ca3b43527b8d802ec2e9018/scoreboard,32305
ESL ONE Cologne 2016,https://dreamteam.gg/csgo/analytics/match/5ca3b43ad35cfb02f60c0ba2/scoreboard,32302
ESL ONE Cologne 2016,https://dreamteam.gg/csgo/analytics/match/5ca3b49ad4360203091b08da/scoreboard,32297
ESL ONE Cologne 2016,https://dreamteam.gg/csgo/analytics/match/5ca3b4a0bcf70a03504b2545/scoreboard,32296
ESL ONE Cologne 2016,https://dreamteam.gg/csgo/analytics/match/5ca3b4a527b8d803206bb414/scoreboard,32295
ESL ONE Cologne 2016,https://dreamteam.gg/csgo/analytics/match/5ca3b4b7dbb10b0347122892/scoreboard,32294
ESL ONE Cologne 2016,https://dreamteam.gg/csgo/analytics/match/5c8fd98a8fb942060e6807f2/scoreboard,32293
ESL ONE Cologne 2016,https://dreamteam.gg/csgo/analytics/match/5c6baf2cf09b1200400aa873/scoreboard,32292
MLG Columbus 2016,https://dreamteam.gg/csgo/analytics/match/5c6a3ae864051a052e70f2e3/scoreboard,29610
MLG Columbus 2016,https://dreamteam.gg/csgo/analytics/match/5ca7d4bc27b8d804db331e93/scoreboard,29608
MLG Columbus 2016,https://dreamteam.gg/csgo/analytics/match/5ca7d4c48da20e04e12a5493/scoreboard,29603
MLG Columbus 2016,https://dreamteam.gg/csgo/analytics/match/5ca7d4cabcf70a05374c0652/scoreboard,29601
MLG Columbus 2016,https://dreamteam.gg/csgo/analytics/match/5ca7d4cf27b8d804e4166532/scoreboard,29600
MLG Columbus 2016,https://dreamteam.gg/csgo/analytics/match/5ca7d4d5dbb10b04ee160192/scoreboard,29599
MLG Columbus 2016,https://dreamteam.gg/csgo/analytics/match/5ca7d5b4d35cfb0473675163/scoreboard,29592
MLG Columbus 2016,https://dreamteam.gg/csgo/analytics/match/5ca7d5b96bd0f904be3fe122/scoreboard,29589
MLG Columbus 2016,https://dreamteam.gg/csgo/analytics/match/5ca7d5be60aed2049575c7f6/scoreboard,29587
MLG Columbus 2016,https://dreamteam.gg/csgo/analytics/match/5ca7d5c36bd0f904be3fe123/scoreboard,29575
MLG Columbus 2016,https://dreamteam.gg/csgo/analytics/match/5ca7d5c927b8d804e4166533/scoreboard,29574
MLG Columbus 2016,https://dreamteam.gg/csgo/analytics/match/5ca7d623c0f32a049c5c9af4/scoreboard,29573
MLG Columbus 2016,https://dreamteam.gg/csgo/analytics/match/5ca7d628c0f32a04bc660a02/scoreboard,29572
MLG Columbus 2016,https://dreamteam.gg/csgo/analytics/match/5ca7d62d27b8d804e4166534/scoreboard,29571
MLG Columbus 2016,https://dreamteam.gg/csgo/analytics/match/5ca7d632c0f32a04bc660a03/scoreboard,29570
MLG Columbus 2016,https://dreamteam.gg/csgo/analytics/match/5ca7d638c0f32a049c5c9af5/scoreboard,29569
MLG Columbus 2016,https://dreamteam.gg/csgo/analytics/match/5ca7d685bcf70a05324c3092/scoreboard,29568
MLG Columbus 2016,https://dreamteam.gg/csgo/analytics/match/5ca7d68ad35cfb0473675164/scoreboard,29567
MLG Columbus 2016,https://dreamteam.gg/csgo/analytics/match/5ca7d68f60aed204d97a50f2/scoreboard,29566
MLG Columbus 2016,https://dreamteam.gg/csgo/analytics/match/5ca7d694c0f32a04bc660a04/scoreboard,29565
MLG Columbus 2016,https://dreamteam.gg/csgo/analytics/match/5ca7d699dbb10b04e41f0032/scoreboard,29564
MLG Columbus 2016,https://dreamteam.gg/csgo/analytics/match/5ca7d70b6bd0f904b356e6a2/scoreboard,29563
MLG Columbus 2016,https://dreamteam.gg/csgo/analytics/match/5ca7d70f6bd0f904b356e6a3/scoreboard,29560
MLG Columbus 2016,https://dreamteam.gg/csgo/analytics/match/5ca7d7143cb8870418066d67/scoreboard,29559
MLG Columbus 2016,https://dreamteam.gg/csgo/analytics/match/5ca7d71960aed204d97a50f3/scoreboard,29558
MLG Columbus 2016,https://dreamteam.gg/csgo/analytics/match/5ca7d71d60aed204d97a50f4/scoreboard,29557
MLG Columbus 2016,https://dreamteam.gg/csgo/analytics/match/5ca7d7a0d35cfb0473675165/scoreboard,29556
MLG Columbus 2016,https://dreamteam.gg/csgo/analytics/match/5ca7d7b03cb88704c22c1942/scoreboard,29555
MLG Columbus 2016,https://dreamteam.gg/csgo/analytics/match/5ca7d7b6d43602049c35b632/scoreboard,29552
MLG Columbus 2016,https://dreamteam.gg/csgo/analytics/match/5ca7d7bb27b8d804e4166535/scoreboard,29551
MLG Columbus 2016,https://dreamteam.gg/csgo/analytics/match/5ca7d7c027b8d804e4166536/scoreboard,29550
MLG Columbus 2016,https://dreamteam.gg/csgo/analytics/match/5ca7d82f3cb88704c22c1943/scoreboard,29549
MLG Columbus 2016,https://dreamteam.gg/csgo/analytics/match/5ca7d834c0f32a04bc660a05/scoreboard,29548
MLG Columbus 2016,https://dreamteam.gg/csgo/analytics/match/5ca7d83927b8d804db331e94/scoreboard,29540
MLG Columbus 2016,https://dreamteam.gg/csgo/analytics/match/5ca7d83ddbb10b04e41f0033/scoreboard,29539
MLG Columbus 2016,https://dreamteam.gg/csgo/analytics/match/5ca7d8418da20e04e12a5494/scoreboard,29538
MLG Columbus 2016,https://dreamteam.gg/csgo/analytics/match/5ca7d8c5bcf70a05324c3093/scoreboard,29537
MLG Columbus 2016,https://dreamteam.gg/csgo/analytics/match/5ca7d8cadbb10b04ee160193/scoreboard,29536
MLG Columbus 2016,https://dreamteam.gg/csgo/analytics/match/5ca7d8ce3cb88704c22c1944/scoreboard,29535
MLG Columbus 2016,https://dreamteam.gg/csgo/analytics/match/5ca7d8d327b8d804e4166537/scoreboard,29534
MLG Columbus 2016,https://dreamteam.gg/csgo/analytics/match/5ca7d8e43cb8870418066d68/scoreboard,29533
MLG Columbus 2016,https://dreamteam.gg/csgo/analytics/match/5ca7d93560aed2049575c7f7/scoreboard,29735
DREAMHACK Cluj-Napoca 2015,https://dreamteam.gg/csgo/analytics/match/5cab74a93cb887065d429b62/scoreboard,25275
DREAMHACK Cluj-Napoca 2015,,25274
DREAMHACK Cluj-Napoca 2015,https://dreamteam.gg/csgo/analytics/match/5cab77b08da20e0687157ee3/scoreboard,25273
DREAMHACK Cluj-Napoca 2015,https://dreamteam.gg/csgo/analytics/match/5cab786d8da20e0687157ee4/scoreboard,25272
DREAMHACK Cluj-Napoca 2015,https://dreamteam.gg/csgo/analytics/match/5cab7a8dbcf70a06d0144735/scoreboard,25271
DREAMHACK Cluj-Napoca 2015,https://dreamteam.gg/csgo/analytics/match/5cab7b193cb887065d429b65/scoreboard,25267
DREAMHACK Cluj-Napoca 2015,https://dreamteam.gg/csgo/analytics/match/5cab7ab53cb887065d429b64/scoreboard,25266
DREAMHACK Cluj-Napoca 2015,https://dreamteam.gg/csgo/analytics/match/5cab7bedc0f32a064e127642/scoreboard,25265
DREAMHACK Cluj-Napoca 2015,https://dreamteam.gg/csgo/analytics/match/5cab7c2cd35cfb0604042bf3/scoreboard,25264
DREAMHACK Cluj-Napoca 2015,https://dreamteam.gg/csgo/analytics/match/5cab7d13bcf70a06d0144736/scoreboard,25263
DREAMHACK Cluj-Napoca 2015,https://dreamteam.gg/csgo/analytics/match/5cab7d14d35cfb060c2c9b92/scoreboard,25262
DREAMHACK Cluj-Napoca 2015,https://dreamteam.gg/csgo/analytics/match/5cab7e1e60aed206984df912/scoreboard,25260
DREAMHACK Cluj-Napoca 2015,https://dreamteam.gg/csgo/analytics/match/5cab7df5d35cfb0604042bf4/scoreboard,25259
DREAMHACK Cluj-Napoca 2015,https://dreamteam.gg/csgo/analytics/match/5cab7f20dbb10b06a322ccc2/scoreboard,25258
DREAMHACK Cluj-Napoca 2015,https://dreamteam.gg/csgo/analytics/match/5cab7f57dbb10b06a322ccc3/scoreboard,25257
DREAMHACK Cluj-Napoca 2015,https://dreamteam.gg/csgo/analytics/match/5cab7f3b8da20e065d097ad8/scoreboard,25256
DREAMHACK Cluj-Napoca 2015,https://dreamteam.gg/csgo/analytics/match/5cab7f916bd0f9065b551215/scoreboard,25255
DREAMHACK Cluj-Napoca 2015,https://dreamteam.gg/csgo/analytics/match/5cab7fbe8da20e065d097ad9/scoreboard,25254
DREAMHACK Cluj-Napoca 2015,https://dreamteam.gg/csgo/analytics/match/5cab7fca8da20e065d097ada/scoreboard,25253
DREAMHACK Cluj-Napoca 2015,https://dreamteam.gg/csgo/analytics/match/5cab8058d35cfb0604042bf5/scoreboard,25252
DREAMHACK Cluj-Napoca 2015,https://dreamteam.gg/csgo/analytics/match/5cab8093bcf70a06d0144738/scoreboard,25251
DREAMHACK Cluj-Napoca 2015,https://dreamteam.gg/csgo/analytics/match/5cab825fd35cfb0604042bf6/scoreboard,25250
DREAMHACK Cluj-Napoca 2015,https://dreamteam.gg/csgo/analytics/match/5cab828460aed206984df913/scoreboard,25249
DREAMHACK Cluj-Napoca 2015,https://dreamteam.gg/csgo/analytics/match/5cab8288bcf70a06d0144739/scoreboard,25247
DREAMHACK Cluj-Napoca 2015,https://dreamteam.gg/csgo/analytics/match/5cab837ec0f32a064e127644/scoreboard,25244
DREAMHACK Cluj-Napoca 2015,https://dreamteam.gg/csgo/analytics/match/5cab8371d35cfb0604042bf8/scoreboard,25243
DREAMHACK Cluj-Napoca 2015,https://dreamteam.gg/csgo/analytics/match/5cab846f27b8d8068413d765/scoreboard,25242
DREAMHACK Cluj-Napoca 2015,https://dreamteam.gg/csgo/analytics/match/5cab867f27b8d8068413d766/scoreboard,25241
DREAMHACK Cluj-Napoca 2015,https://dreamteam.gg/csgo/analytics/match/5cab848660aed206984df914/scoreboard,25240
DREAMHACK Cluj-Napoca 2015,https://dreamteam.gg/csgo/analytics/match/5cab85ecc0f32a064e127645/scoreboard,25239
DREAMHACK Cluj-Napoca 2015,https://dreamteam.gg/csgo/analytics/match/5cab85d727b8d80699158452/scoreboard,25238
DREAMHACK Cluj-Napoca 2015,https://dreamteam.gg/csgo/analytics/match/5cab86a6d35cfb0604042bf9/scoreboard,25237
DREAMHACK Cluj-Napoca 2015,https://dreamteam.gg/csgo/analytics/match/5cab87078da20e06905e81f2/scoreboard,25236
DREAMHACK Cluj-Napoca 2015,https://dreamteam.gg/csgo/analytics/match/5cab87d03cb887065d429b66/scoreboard,25235
DREAMHACK Cluj-Napoca 2015,https://dreamteam.gg/csgo/analytics/match/5cab87d9dbb10b06ae0712c2/scoreboard,25234
DREAMHACK Cluj-Napoca 2015,https://dreamteam.gg/csgo/analytics/match/5cab87e4d43602061a2fe152/scoreboard,25233
DREAMHACK Cluj-Napoca 2015,https://dreamteam.gg/csgo/analytics/match/5cab89276bd0f90672324222/scoreboard,25232
DREAMHACK Cluj-Napoca 2015,https://dreamteam.gg/csgo/analytics/match/5cab896b8da20e06905e81f3/scoreboard,25230
DREAMHACK Cluj-Napoca 2015,https://dreamteam.gg/csgo/analytics/match/5cab8933c0f32a064e127646/scoreboard,25229
DREAMHACK Cluj-Napoca 2015,https://dreamteam.gg/csgo/analytics/match/5cab8aa5bcf70a06fe0ce342/scoreboard,25228
DREAMHACK Cluj-Napoca 2015,https://dreamteam.gg/csgo/analytics/match/5cab8aa5c0f32a064e127647/scoreboard,25227
DREAMHACK Cluj-Napoca 2015,https://dreamteam.gg/csgo/analytics/match/5cab8ab9d35cfb0604042bfa/scoreboard,25226
ESL ONE Cologne 2015,https://dreamteam.gg/csgo/analytics/match/5ca8933b60aed205204eeda3/scoreboard,22282
ESL ONE Cologne 2015,https://dreamteam.gg/csgo/analytics/match/5ca8935327b8d8051c24a7e2/scoreboard,22280
ESL ONE Cologne 2015,https://dreamteam.gg/csgo/analytics/match/5ca89358d4360204dc71f7f2/scoreboard,22279
ESL ONE Cologne 2015,https://dreamteam.gg/csgo/analytics/match/5ca8935cd4360204dc71f7f3/scoreboard,22278
ESL ONE Cologne 2015,https://dreamteam.gg/csgo/analytics/match/5ca893628da20e0525441a72/scoreboard,22276
ESL ONE Cologne 2015,https://dreamteam.gg/csgo/analytics/match/5ca893a6bcf70a05806ed392/scoreboard,22275
ESL ONE Cologne 2015,https://dreamteam.gg/csgo/analytics/match/5ca893ab6bd0f9050a760372/scoreboard,22274
ESL ONE Cologne 2015,https://dreamteam.gg/csgo/analytics/match/5ca893afd4360204dc71f7f4/scoreboard,22273
ESL ONE Cologne 2015,https://dreamteam.gg/csgo/analytics/match/5ca893b3d35cfb04be230d84/scoreboard,22271
ESL ONE Cologne 2015,https://dreamteam.gg/csgo/analytics/match/5ca893b827b8d8051c24a7e3/scoreboard,22270
ESL ONE Cologne 2015,https://dreamteam.gg/csgo/analytics/match/5ca8941fdbb10b0514668b63/scoreboard,22269
ESL ONE Cologne 2015,https://dreamteam.gg/csgo/analytics/match/5ca89424d35cfb04be230d85/scoreboard,22268
ESL ONE Cologne 2015,https://dreamteam.gg/csgo/analytics/match/5ca894288da20e0525441a73/scoreboard,22267
ESL ONE Cologne 2015,https://dreamteam.gg/csgo/analytics/match/5ca8942cd35cfb04c42c1522/scoreboard,22266
ESL ONE Cologne 2015,https://dreamteam.gg/csgo/analytics/match/5ca894318da20e0525441a74/scoreboard,22265
ESL ONE Cologne 2015,https://dreamteam.gg/csgo/analytics/match/5ca8947c3cb88704ee1105b2/scoreboard,22264
ESL ONE Cologne 2015,https://dreamteam.gg/csgo/analytics/match/5ca894813cb88704ee1105b3/scoreboard,22261
ESL ONE Cologne 2015,https://dreamteam.gg/csgo/analytics/match/5ca89485bcf70a05544f8033/scoreboard,22260
ESL ONE Cologne 2015,https://dreamteam.gg/csgo/analytics/match/5ca894893cb88704ee1105b4/scoreboard,22259
ESL ONE Cologne 2015,https://dreamteam.gg/csgo/analytics/match/5ca8948e8da20e0439132082/scoreboard,22258
ESL ONE Cologne 2015,https://dreamteam.gg/csgo/analytics/match/5ca8950bbcf70a05806ed393/scoreboard,22257
ESL ONE Cologne 2015,https://dreamteam.gg/csgo/analytics/match/5ca8950f3cb88704ee1105b5/scoreboard,22256
ESL ONE Cologne 2015,https://dreamteam.gg/csgo/analytics/match/5ca895133cb88704ee1105b6/scoreboard,22255
ESL ONE Cologne 2015,https://dreamteam.gg/csgo/analytics/match/5ca89518c0f32a05060f1ea4/scoreboard,22253
ESL ONE Cologne 2015,https://dreamteam.gg/csgo/analytics/match/5ca8951edbb10b053979be12/scoreboard,22252
ESL ONE Cologne 2015,https://dreamteam.gg/csgo/analytics/match/5ca8959b27b8d8052a1c0ba2/scoreboard,22251
ESL ONE Cologne 2015,https://dreamteam.gg/csgo/analytics/match/5ca895a03cb88704ee1105b7/scoreboard,22249
ESL ONE Cologne 2015,https://dreamteam.gg/csgo/analytics/match/5ca895a5c0f32a05060f1ea5/scoreboard,22248
ESL ONE Cologne 2015,https://dreamteam.gg/csgo/analytics/match/5ca895a98da20e0439132083/scoreboard,22246
ESL ONE Cologne 2015,https://dreamteam.gg/csgo/analytics/match/5ca895addbb10b053979be13/scoreboard,22245
ESL ONE Cologne 2015,https://dreamteam.gg/csgo/analytics/match/5ca895f3d4360204dc71f7f5/scoreboard,22243
ESL ONE Cologne 2015,https://dreamteam.gg/csgo/analytics/match/5ca895eebcf70a05544f8034/scoreboard,22242
ESL ONE Cologne 2015,https://dreamteam.gg/csgo/analytics/match/5ca895f8c0f32a050e68b412/scoreboard,22240
ESL ONE Cologne 2015,https://dreamteam.gg/csgo/analytics/match/5ca895fd8da20e052022af62/scoreboard,22239
ESL ONE Cologne 2015,https://dreamteam.gg/csgo/analytics/match/5ca89601bcf70a05544f8035/scoreboard,22238
ESL ONE Cologne 2015,https://dreamteam.gg/csgo/analytics/match/5ca8964dd35cfb04be230d86/scoreboard,22236
ESL ONE Katowice 2015,https://dreamteam.gg/csgo/analytics/match/5ca8eb80d35cfb04f505e802/scoreboard,19275
ESL ONE Katowice 2015,https://dreamteam.gg/csgo/analytics/match/5ca8eb8c60aed205532a4d82/scoreboard,19274
ESL ONE Katowice 2015,https://dreamteam.gg/csgo/analytics/match/5ca8eb916bd0f905234747d6/scoreboard,19273
ESL ONE Katowice 2015,https://dreamteam.gg/csgo/analytics/match/5ca8eb96bcf70a059e3ad013/scoreboard,19272
ESL ONE Katowice 2015,https://dreamteam.gg/csgo/analytics/match/5ca8eb9ad35cfb003e5df853/scoreboard,19271
ESL ONE Katowice 2015,https://dreamteam.gg/csgo/analytics/match/5ca8ec9b60aed2053f1dcae2/scoreboard,19270
ESL ONE Katowice 2015,https://dreamteam.gg/csgo/analytics/match/5ca8ec9fc0f32a053d6a3442/scoreboard,19268
ESL ONE Katowice 2015,https://dreamteam.gg/csgo/analytics/match/5ca8eca327b8d8055752d693/scoreboard,19267
ESL ONE Katowice 2015,https://dreamteam.gg/csgo/analytics/match/5ca8eca7bcf70a05af489682/scoreboard,19266
ESL ONE Katowice 2015,https://dreamteam.gg/csgo/analytics/match/5ca8ecb527b8d8051c24a7e4/scoreboard,19265
ESL ONE Katowice 2015,https://dreamteam.gg/csgo/analytics/match/5ca8ecf73cb88705327d28a3/scoreboard,19264
ESL ONE Katowice 2015,https://dreamteam.gg/csgo/analytics/match/5ca8ecfcbcf70a059e3ad014/scoreboard,19262
ESL ONE Katowice 2015,https://dreamteam.gg/csgo/analytics/match/5ca8ed023cb88705327d28a4/scoreboard,19261
ESL ONE Katowice 2015,https://dreamteam.gg/csgo/analytics/match/5ca8ed0760aed2053f1dcae3/scoreboard,19260
ESL ONE Katowice 2015,https://dreamteam.gg/csgo/analytics/match/5ca8ed0bdbb10b055f191153/scoreboard,19259
ESL ONE Katowice 2015,https://dreamteam.gg/csgo/analytics/match/5ca8ed5127b8d8055752d694/scoreboard,19258
ESL ONE Katowice 2015,https://dreamteam.gg/csgo/analytics/match/5ca8ed556bd0f9054a435722/scoreboard,19257
ESL ONE Katowice 2015,https://dreamteam.gg/csgo/analytics/match/5ca8ed5a60aed205532a4d83/scoreboard,19256
ESL ONE Katowice 2015,https://dreamteam.gg/csgo/analytics/match/5ca8ed5ed35cfb04f505e803/scoreboard,19255
ESL ONE Katowice 2015,https://dreamteam.gg/csgo/analytics/match/5ca8ed6260aed2053f1dcae4/scoreboard,19253
ESL ONE Katowice 2015,https://dreamteam.gg/csgo/analytics/match/5ca8ed99dbb10b055f191154/scoreboard,19252
ESL ONE Katowice 2015,https://dreamteam.gg/csgo/analytics/match/5ca8ed9ec0f32a053d6a3443/scoreboard,19254
ESL ONE Katowice 2015,https://dreamteam.gg/csgo/analytics/match/5ca8eda2dbb10b057141d6a2/scoreboard,19251
ESL ONE Katowice 2015,https://dreamteam.gg/csgo/analytics/match/5cab6b6b60aed206792dbda4/scoreboard,19250
ESL ONE Katowice 2015,https://dreamteam.gg/csgo/analytics/match/5ca8eda727b8d8055752d695/scoreboard,19249
ESL ONE Katowice 2015,https://dreamteam.gg/csgo/analytics/match/5ca8edabdbb10b048733cb02/scoreboard,19248
ESL ONE Katowice 2015,https://dreamteam.gg/csgo/analytics/match/5ca8ee10d43602051407c112/scoreboard,19247
ESL ONE Katowice 2015,https://dreamteam.gg/csgo/analytics/match/5ca8ee0c27b8d805635eba72/scoreboard,19245
ESL ONE Katowice 2015,https://dreamteam.gg/csgo/analytics/match/5ca8ee146bd0f9054539bc82/scoreboard,19246
ESL ONE Katowice 2015,https://dreamteam.gg/csgo/analytics/match/5ca8ee18dbb10b055f191155/scoreboard,19244
ESL ONE Katowice 2015,https://dreamteam.gg/csgo/analytics/match/5ca8ee2f8da20e0535499e03/scoreboard,19243
ESL ONE Katowice 2015,https://dreamteam.gg/csgo/analytics/match/5ca8ee4fd35cfb04f505e804/scoreboard,19242
ESL ONE Katowice 2015,https://dreamteam.gg/csgo/analytics/match/5ca8ee543cb88705327d28a5/scoreboard,19241
ESL ONE Katowice 2015,https://dreamteam.gg/csgo/analytics/match/5ca8ee578da20e0535499e04/scoreboard,19240
ESL ONE Katowice 2015,https://dreamteam.gg/csgo/analytics/match/5ca8ee5c6bd0f9054539bc83/scoreboard,19239
ESL ONE Katowice 2015,https://dreamteam.gg/csgo/analytics/match/5ca8ee603cb887053f3a7292/scoreboard,19238
ESL ONE Katowice 2015,https://dreamteam.gg/csgo/analytics/match/5ca8ee8060aed205532a4d84/scoreboard,19236
ESL ONE Katowice 2015,https://dreamteam.gg/csgo/analytics/match/5ca8ee843cb88705327d28a6/scoreboard,19237
DREAMHACK Jönköping 2014,https://dreamteam.gg/csgo/analytics/match/5ca8ee88dbb10b055f191156/scoreboard,18729
DREAMHACK Jönköping 2014,https://dreamteam.gg/csgo/analytics/match/5ca8ee8c6bd0f9054539bc84/scoreboard,18728
DREAMHACK Jönköping 2014,https://dreamteam.gg/csgo/analytics/match/5ca8ee91c0f32a0545185262/scoreboard,18727
DREAMHACK Jönköping 2014,https://dreamteam.gg/csgo/analytics/match/5ca8eee53cb88705327d28a7/scoreboard,18726
DREAMHACK Jönköping 2014,https://dreamteam.gg/csgo/analytics/match/5ca8eee960aed2053f1dcae6/scoreboard,18725
DREAMHACK Jönköping 2014,https://dreamteam.gg/csgo/analytics/match/5ca8eeefbcf70a05bb365b02/scoreboard,18724
DREAMHACK Jönköping 2014,https://dreamteam.gg/csgo/analytics/match/5ca8eef327b8d805635eba73/scoreboard,18723
DREAMHACK Jönköping 2014,https://dreamteam.gg/csgo/analytics/match/5ca8eef8c0f32a053d6a3444/scoreboard,18720
DREAMHACK Jönköping 2014,https://dreamteam.gg/csgo/analytics/match/5ca8ef45c0f32a053d6a3445/scoreboard,18719
DREAMHACK Jönköping 2014,https://dreamteam.gg/csgo/analytics/match/5ca8ef498da20e0535499e05/scoreboard,18718
DREAMHACK Jönköping 2014,https://dreamteam.gg/csgo/analytics/match/5ca8ef513cb88705327d28a8/scoreboard,18716
DREAMHACK Jönköping 2014,https://dreamteam.gg/csgo/analytics/match/5ca8ef5627b8d8055752d696/scoreboard,18715
DREAMHACK Jönköping 2014,https://dreamteam.gg/csgo/analytics/match/5ca8ef8bc0f32a053d6a3446/scoreboard,18714
DREAMHACK Jönköping 2014,https://dreamteam.gg/csgo/analytics/match/5ca8ef8f6bd0f9054539bc85/scoreboard,18713
DREAMHACK Jönköping 2014,https://dreamteam.gg/csgo/analytics/match/5ca8ef93dbb10b057141d6a3/scoreboard,18712
DREAMHACK Jönköping 2014,https://dreamteam.gg/csgo/analytics/match/5ca8ef983cb88705327d28a9/scoreboard,18711
DREAMHACK Jönköping 2014,https://dreamteam.gg/csgo/analytics/match/5ca8efd760aed2053f1dcae7/scoreboard,18709
DREAMHACK Jönköping 2014,https://dreamteam.gg/csgo/analytics/match/5ca8ef9c6bd0f9054a435723/scoreboard,18708
DREAMHACK Jönköping 2014,https://dreamteam.gg/csgo/analytics/match/5ca8efdcd35cfb04f505e805/scoreboard,18707
DREAMHACK Jönköping 2014,https://dreamteam.gg/csgo/analytics/match/5ca8efe43cb887053f3a7293/scoreboard,18706
DREAMHACK Jönköping 2014,https://dreamteam.gg/csgo/analytics/match/5ca8efe93cb88705327d28aa/scoreboard,18704
DREAMHACK Jönköping 2014,https://dreamteam.gg/csgo/analytics/match/5ca8efeebcf70a059e3ad016/scoreboard,18705
DREAMHACK Jönköping 2014,https://dreamteam.gg/csgo/analytics/match/5ca8f0293cb88705327d28ab/scoreboard,18703
DREAMHACK Jönköping 2014,https://dreamteam.gg/csgo/analytics/match/5ca8f02d3cb88705327d28ac/scoreboard,18702
DREAMHACK Jönköping 2014,https://dreamteam.gg/csgo/analytics/match/5ca8f0348da20e05622ff472/scoreboard,18699
DREAMHACK Jönköping 2014,https://dreamteam.gg/csgo/analytics/match/5ca8f038bcf70a05bb365b03/scoreboard,18701
DREAMHACK Jönköping 2014,https://dreamteam.gg/csgo/analytics/match/5ca8f03cbcf70a05bb365b04/scoreboard,18698
DREAMHACK Jönköping 2014,https://dreamteam.gg/csgo/analytics/match/5ca8f06f60aed205532a4d85/scoreboard,18700
DREAMHACK Jönköping 2014,https://dreamteam.gg/csgo/analytics/match/5ca8f07460aed2053f1dcae8/scoreboard,18697
DREAMHACK Jönköping 2014,https://dreamteam.gg/csgo/analytics/match/5ca8f078dbb10b057141d6a4/scoreboard,18692
DREAMHACK Jönköping 2014,https://dreamteam.gg/csgo/analytics/match/5ca8f07cdbb10b057141d6a5/scoreboard,18694
DREAMHACK Jönköping 2014,https://dreamteam.gg/csgo/analytics/match/5ca8f080dbb10b057141d6a6/scoreboard,18695
DREAMHACK Jönköping 2014,https://dreamteam.gg/csgo/analytics/match/5ca8f0b760aed2053f1dcae9/scoreboard,18696
DREAMHACK Jönköping 2014,https://dreamteam.gg/csgo/analytics/match/5ca8f0bcbcf70a059e3ad017/scoreboard,18693
DREAMHACK Jönköping 2014,https://dreamteam.gg/csgo/analytics/match/5ca8f0c027b8d8055752d697/scoreboard,18691
DREAMHACK Jönköping 2014,https://dreamteam.gg/csgo/analytics/match/5ca8f0c48da20e0439132084/scoreboard,18690
ESL ONE Cologne 2014,https://dreamteam.gg/csgo/analytics/match/5caa368ac0f32a05bc5a2ab4/scoreboard,17564
ESL ONE Cologne 2014,https://dreamteam.gg/csgo/analytics/match/5caa36b527b8d8060f498f42/scoreboard,17563
ESL ONE Cologne 2014,https://dreamteam.gg/csgo/analytics/match/5caa36badbb10b060e4276e2/scoreboard,17562
ESL ONE Cologne 2014,https://dreamteam.gg/csgo/analytics/match/5caa36be27b8d8060f498f43/scoreboard,17561
ESL ONE Cologne 2014,https://dreamteam.gg/csgo/analytics/match/5caa36c3d43602057e2452d4/scoreboard,17560
ESL ONE Cologne 2014,https://dreamteam.gg/csgo/analytics/match/5caa3742d43602057e2452d5/scoreboard,17559
ESL ONE Cologne 2014,https://dreamteam.gg/csgo/analytics/match/5caa374927b8d805de4a9403/scoreboard,17558
ESL ONE Cologne 2014,https://dreamteam.gg/csgo/analytics/match/5caa374dbcf70a061d78d462/scoreboard,17557
ESL ONE Cologne 2014,https://dreamteam.gg/csgo/analytics/match/5caa375260aed205c14311d5/scoreboard,17556
ESL ONE Cologne 2014,https://dreamteam.gg/csgo/analytics/match/5caa3757d43602057e2452d6/scoreboard,17555
ESL ONE Cologne 2014,https://dreamteam.gg/csgo/analytics/match/5caa37f76bd0f905dd001624/scoreboard,17554
ESL ONE Cologne 2014,https://dreamteam.gg/csgo/analytics/match/5caa37fc3cb88705cc46dd22/scoreboard,17553
ESL ONE Cologne 2014,https://dreamteam.gg/csgo/analytics/match/5caa3800dbb10b060e4276e3/scoreboard,17552
ESL ONE Cologne 2014,https://dreamteam.gg/csgo/analytics/match/5caa3805d35cfb058870f0f3/scoreboard,17551
ESL ONE Cologne 2014,https://dreamteam.gg/csgo/analytics/match/5caa380ad35cfb058870f0f4/scoreboard,17550
ESL ONE Cologne 2014,https://dreamteam.gg/csgo/analytics/match/5caa387060aed20602641df2/scoreboard,17549
ESL ONE Cologne 2014,https://dreamteam.gg/csgo/analytics/match/5caa3874dbb10b05f37119b3/scoreboard,17548
ESL ONE Cologne 2014,https://dreamteam.gg/csgo/analytics/match/5caa387927b8d805de4a9404/scoreboard,17547
ESL ONE Cologne 2014,https://dreamteam.gg/csgo/analytics/match/5caa387d3cb8870418066d69/scoreboard,17546
ESL ONE Cologne 2014,https://dreamteam.gg/csgo/analytics/match/5caa38828da20e06010dd5e2/scoreboard,17545
ESL ONE Cologne 2014,https://dreamteam.gg/csgo/analytics/match/5caa38ca27b8d805de4a9405/scoreboard,17544
ESL ONE Cologne 2014,https://dreamteam.gg/csgo/analytics/match/5caa38cf8da20e06010dd5e3/scoreboard,17542
ESL ONE Cologne 2014,https://dreamteam.gg/csgo/analytics/match/5caa38d327b8d805de4a9406/scoreboard,17540
ESL ONE Cologne 2014,https://dreamteam.gg/csgo/analytics/match/5caa38d76bd0f905dd001625/scoreboard,17539
ESL ONE Cologne 2014,https://dreamteam.gg/csgo/analytics/match/5caa38dc8da20e06010dd5e4/scoreboard,17538
ESL ONE Cologne 2014,https://dreamteam.gg/csgo/analytics/match/5caa393a6bd0f905dd001626/scoreboard,17537
ESL ONE Cologne 2014,https://dreamteam.gg/csgo/analytics/match/5caa393e6bd0f905dd001627/scoreboard,17536
ESL ONE Cologne 2014,https://dreamteam.gg/csgo/analytics/match/5caa3942d35cfb058870f0f5/scoreboard,17533
ESL ONE Cologne 2014,https://dreamteam.gg/csgo/analytics/match/5caa3947d43602059e086412/scoreboard,17532
ESL ONE Cologne 2014,https://dreamteam.gg/csgo/analytics/match/5caa394b27b8d8060f498f45/scoreboard,17531
ESL ONE Cologne 2014,https://dreamteam.gg/csgo/analytics/match/5caa3979d35cfb058870f0f6/scoreboard,17530
ESL ONE Cologne 2014,https://dreamteam.gg/csgo/analytics/match/5caa397f8da20e060938d382/scoreboard,17529
ESL ONE Cologne 2014,https://dreamteam.gg/csgo/analytics/match/5caa3983bcf70a061d78d463/scoreboard,17528
ESL ONE Cologne 2014,https://dreamteam.gg/csgo/analytics/match/5caa39873cb8870418066d6a/scoreboard,17527
ESL ONE Cologne 2014,https://dreamteam.gg/csgo/analytics/match/5caa398cdbb10b05f37119b4/scoreboard,17526
ESL ONE Cologne 2014,https://dreamteam.gg/csgo/analytics/match/5caa39bbd43602057e2452d7/scoreboard,17525
ESL ONE Cologne 2014,https://dreamteam.gg/csgo/analytics/match/5caa39bf3cb88705cc46dd23/scoreboard,17524
ESL ONE Cologne 2014,https://dreamteam.gg/csgo/analytics/match/5caa39c3d436020565490336/scoreboard,17523
EMS ONE Katowice 2014,,
EMS ONE Katowice 2014,,
EMS ONE Katowice 2014,,
EMS ONE Katowice 2014,,
EMS ONE Katowice 2014,,
EMS ONE Katowice 2014,,
EMS ONE Katowice 2014,,
EMS ONE Katowice 2014,,
EMS ONE Katowice 2014,,
EMS ONE Katowice 2014,,
EMS ONE Katowice 2014,,
EMS ONE Katowice 2014,,
EMS ONE Katowice 2014,,
EMS ONE Katowice 2014,,
EMS ONE Katowice 2014,,
EMS ONE Katowice 2014,,
EMS ONE Katowice 2014,,
EMS ONE Katowice 2014,,
EMS ONE Katowice 2014,,
EMS ONE Katowice 2014,,
EMS ONE Katowice 2014,,
EMS ONE Katowice 2014,,
EMS ONE Katowice 2014,,
EMS ONE Katowice 2014,,
EMS ONE Katowice 2014,,
EMS ONE Katowice 2014,,
EMS ONE Katowice 2014,,
EMS ONE Katowice 2014,,
EMS ONE Katowice 2014,,
EMS ONE Katowice 2014,,
EMS ONE Katowice 2014,,
EMS ONE Katowice 2014,,
EMS ONE Katowice 2014,,
EMS ONE Katowice 2014,,
EMS ONE Katowice 2014,,
EMS ONE Katowice 2014,,
EMS ONE Katowice 2014,,
DREAMHACK Jönköping 2013,,
DREAMHACK Jönköping 2013,,
DREAMHACK Jönköping 2013,,
DREAMHACK Jönköping 2013,,
DREAMHACK Jönköping 2013,,
DREAMHACK Jönköping 2013,,
DREAMHACK Jönköping 2013,,
DREAMHACK Jönköping 2013,,
DREAMHACK Jönköping 2013,,
DREAMHACK Jönköping 2013,,
DREAMHACK Jönköping 2013,,
DREAMHACK Jönköping 2013,,
DREAMHACK Jönköping 2013,,
DREAMHACK Jönköping 2013,,
DREAMHACK Jönköping 2013,,
DREAMHACK Jönköping 2013,,
DREAMHACK Jönköping 2013,,
DREAMHACK Jönköping 2013,,
DREAMHACK Jönköping 2013,,
DREAMHACK Jönköping 2013,,
DREAMHACK Jönköping 2013,,
DREAMHACK Jönköping 2013,,
DREAMHACK Jönköping 2013,,
DREAMHACK Jönköping 2013,,
DREAMHACK Jönköping 2013,,
DREAMHACK Jönköping 2013,,
DREAMHACK Jönköping 2013,,
DREAMHACK Jönköping 2013,,
DREAMHACK Jönköping 2013,,
DREAMHACK Jönköping 2013,,
DREAMHACK Jönköping 2013,,
DREAMHACK Jönköping 2013,,
DREAMHACK Jönköping 2013,,
DREAMHACK Jönköping 2013,,
DREAMHACK Jönköping 2013,,
DREAMHACK Jönköping 2013,,
DREAMHACK Jönköping 2013,,
DREAMHACK Jönköping 2013,,
DREAMHACK Jönköping 2013,,
